{"cameraMode":{"drawMode":0,"name":"Shaded","section":"Shading Mode"},"sceneLighting":false,"audioPlay":false,"sceneViewState":{"showFog":true,"showMaterialUpdate":true,"showSkybox":false,"showFlares":true,"showImageEffects":true,"showParticleSystems":true},"in2DMode":false,"pivot":{"x":0.0027537941932678224,"y":0.6031414866447449,"z":0.024144500494003297},"rotation":{"x":0.002895890735089779,"y":0.8016262054443359,"z":-0.5978522896766663,"w":0.00382779142819345},"size":3.635362386703491,"orthographic":false}