{"cameraMode":{"drawMode":0,"name":"Shaded","section":"Shading Mode"},"sceneLighting":true,"audioPlay":false,"sceneViewState":{"showFog":true,"showMaterialUpdate":true,"showSkybox":true,"showFlares":true,"showImageEffects":true,"showParticleSystems":true},"in2DMode":false,"pivot":{"x":24.33098793029785,"y":28.870698928833009,"z":-17.91250228881836},"rotation":{"x":-0.21455276012420655,"y":0.24507875740528108,"z":-0.058202460408210757,"w":-0.9439073204994202},"size":39.374053955078128,"orthographic":false}