{"cameraMode":{"drawMode":0,"name":"Shaded","section":"Shading Mode"},"sceneLighting":false,"audioPlay":false,"sceneViewState":{"showFog":true,"showMaterialUpdate":true,"showSkybox":false,"showFlares":true,"showImageEffects":true,"showParticleSystems":true},"in2DMode":false,"pivot":{"x":0.0000024437904357910158,"y":0.5891275405883789,"z":0.06247431039810181},"rotation":{"x":-0.003987748175859451,"y":-0.9836986660957336,"z":0.1784503012895584,"w":-0.033127401024103168},"size":3.6378703117370607,"orthographic":false}