{"cameraMode":{"drawMode":0,"name":"Shaded","section":"Shading Mode"},"sceneLighting":true,"audioPlay":false,"sceneViewState":{"showFog":true,"showMaterialUpdate":true,"showSkybox":true,"showFlares":true,"showImageEffects":true,"showParticleSystems":true},"in2DMode":false,"pivot":{"x":24.33098793029785,"y":28.870698928833009,"z":-17.91250228881836},"rotation":{"x":-0.364290714263916,"y":0.6278142333030701,"z":-0.4306204617023468,"w":-0.5367950797080994},"size":10.147007942199707,"orthographic":false}